left_elbow,right_elbow,left_knee,right_knee,left_shoulder,right_shoulder,hip,label
144.43907441651527,121.56071942614908,16.376421496847186,18.913548232920068,70.61678020772047,57.77083504525848,49.30847386361667,Butterfly_pose
150.4404894368328,142.43095287042186,20.692165181886633,34.09287705741311,74.51087092981918,68.30841590482008,32.238553476702776,Butterfly_pose
127.79967134953574,133.40670747463128,29.382330007820254,30.366306033751677,41.24918444236476,59.931729626391494,55.886953178449616,Butterfly_pose
137.77293533128196,140.54506634801237,27.120605213144646,23.52455127495946,58.93446176677493,56.90711507013351,50.0367733176685,Butterfly_pose
155.48510470366423,158.39771885118006,29.75745179709678,10.494235645396751,85.17207529694643,83.82523570475169,43.216670962087235,Butterfly_pose
139.97131648330486,144.1756201256139,29.43753574694011,25.438674343538857,51.98837153086792,59.388015100075485,68.4512156614474,Butterfly_pose
143.95184792587042,151.43406533903996,25.120162861720132,22.239898637462503,43.48170205389485,48.08923738615287,71.75876267508596,Butterfly_pose
144.93206671180957,119.4029443300319,36.49522365804247,64.87857511318418,67.2815005433807,25.58704789893478,47.392702697738386,Butterfly_pose
146.39616732347233,130.4626395470737,14.76691811897185,20.209378072244977,72.68531308107802,61.003773750439784,33.86891225244481,Butterfly_pose
119.511776411998,136.80445001812544,83.57565293088204,57.92889448303055,61.842302055719124,82.68896271487068,102.98338962559937,Butterfly_pose
109.57667355869214,127.77506903526046,139.51783237169164,166.36873689379743,64.64318605330699,59.61112837825903,174.07123298129656,Butterfly_pose
127.33766413216593,129.68102528663675,20.739141960957117,24.152724265906887,43.394675271541125,24.865438063646128,67.92705938252483,Butterfly_pose
136.50140236558926,144.80542321251804,19.56218438782102,20.995110080620407,78.39685613992062,84.75116887385049,36.13942545124798,Butterfly_pose
110.16815268534157,125.50685779943865,108.99636849073143,94.4177964160304,17.322241471088365,25.57255871777132,95.99047759274926,Butterfly_pose
148.40479431546498,145.15751303004407,32.89717475111575,28.189653529344668,83.11370000221552,81.54247692226127,52.291713913203985,Butterfly_pose
135.18039191499264,138.77811483475,40.44989743759031,35.682354984151054,23.526020839822777,32.27822236785647,50.201923386057864,Butterfly_pose
80.75991488702431,96.85265783295735,32.81302398703826,24.860557008325113,34.54083719153349,46.193917494546994,103.73832851187305,Butterfly_pose
142.50295165338312,162.50178138260932,62.82253489007832,43.62215379380119,50.05389196196554,71.18016950095019,40.10852626496604,Butterfly_pose
140.79062737251124,128.5281099580238,56.53978976242007,50.46958009669789,60.86368630977437,51.31262422846168,42.03763965495886,Butterfly_pose
102.83345393091948,102.97935419572242,39.66659816446471,42.52971811592839,44.0976834255594,46.52590717671995,51.69946248797673,Butterfly_pose
127.19291114121913,127.39486589748837,58.78687468494579,48.06800142880145,39.06059440267884,43.806225828301685,81.50314797457138,Butterfly_pose
158.5424205671719,152.93903336746473,50.191518573562135,78.76834242469788,176.04460503841952,171.81884865978435,69.38092121291203,Butterfly_pose
143.56717417841617,145.40106329147594,28.962717605833518,26.87428879397393,70.04165473457323,73.566290928439,57.41335721619194,Butterfly_pose
158.38281624694704,159.84058151052548,35.828206075564175,28.555548970440267,93.97282598132651,94.12862260828277,44.904463068636865,Butterfly_pose
138.1386607479914,146.95585335084434,23.4614031118451,22.19871219238488,59.05158565274342,66.35788559927353,56.48006836673373,Butterfly_pose
142.7603864486771,130.82276000085318,42.69351487272444,52.33089373618608,34.24841560497034,27.177449562740584,53.866986657389056,Butterfly_pose
143.33682545871216,149.853193795774,12.175887669414402,12.448452416050463,84.9466753630075,90.74201703405646,57.685698177989295,Butterfly_pose
143.4119680213068,151.13369774112675,38.33110295620637,34.924525278869176,67.19871328384187,73.03862761820835,56.36118029549141,Butterfly_pose
153.46883685435327,139.22829439394528,10.965995247703054,11.737353663166347,74.14843393005984,64.75915268812473,31.35980742623929,Butterfly_pose
115.5251747137139,105.60059229988906,29.0450687755161,28.199586808366114,55.671477434794774,45.43719909995451,43.70504754184487,Butterfly_pose
131.63042149839563,140.29349347667178,35.24839231051773,33.55239487766909,63.48943046918809,71.02502758662595,56.3613938837375,Butterfly_pose
140.81294795244722,146.1694455761789,17.850969203693996,17.335694026993355,77.20315026687865,81.53127597804406,43.24786131223236,Butterfly_pose
142.92277166380356,129.31578743316183,44.73663781547211,28.08455751793226,70.31219606514014,41.65435768722528,38.84598007930067,Butterfly_pose
143.2780007880181,143.32755159452776,29.096786581266862,39.54790684158433,68.780780515665,67.21906681224225,52.501506617530104,Butterfly_pose
133.2840199602487,143.00804707234389,24.67418883546675,31.33940093905368,60.99502028461019,67.3417036314822,47.33646192453895,Butterfly_pose
134.2926985288074,132.44336360903455,94.14221656965138,158.64361782795118,57.59800715872611,56.52659447979752,64.03493073565132,Butterfly_pose
139.05571668036472,117.82716410267412,97.83593727373085,74.15257665369307,9.641780533379313,62.855271405717815,81.53590501584671,Butterfly_pose
127.63555355226968,158.5639477514199,37.16288353610698,34.74034941955508,73.7024173117786,97.78231561254731,27.79484064034216,Butterfly_pose
150.897374483236,144.03045061796237,19.51053450535695,26.609664218931368,82.78156920800598,82.30481912612122,42.32958857528621,Butterfly_pose
94.38477755458243,97.96821383875779,14.454607586154799,16.326909945069044,98.88707807388185,105.82472507272678,24.9691384028299,Butterfly_pose
128.78168478464076,135.7514259965133,26.126104610324298,26.17883576120409,29.07816986166088,40.48819058736313,65.05211503959339,Butterfly_pose
136.8258752134973,143.91645763670905,20.57536232982492,17.92261581816596,57.69800632777552,63.54589331951786,53.08934406436678,Butterfly_pose
150.08868785825524,142.1495116491656,12.689779309304358,21.25054398825092,79.2945055213286,70.90050746901974,37.569269369552366,Butterfly_pose
141.21477887866718,140.37865248775086,19.97529060219555,22.41991036879899,60.14490109515496,61.414929182475355,32.97186122384056,Butterfly_pose
147.68728889582343,122.32536121879185,21.868740764795287,32.718747380542794,59.602101007978135,23.114105978237586,49.94248640701582,Butterfly_pose
122.16695516799182,130.67652114972876,167.84461172920305,86.44684054274354,35.83940914747992,31.107311392117204,79.21834661156365,Butterfly_pose
167.18967161433488,164.93062343368786,110.66809011701719,103.57515175319928,48.31555146393082,44.484418422412986,100.94258423244172,Butterfly_pose
82.86194636964487,93.8804249969133,46.33086059407561,60.605507268355474,132.97629156366548,123.91669476568671,39.606063123895424,Child_pose
115.30724656142195,83.29506374564274,36.77069793413474,63.99648571228861,146.41853324223456,132.50255162065184,17.512751942243845,Child_pose
116.41182683760485,143.93537056131058,58.22510939771544,65.72815949081499,63.00105157021061,34.527557505093085,35.70970918749073,Child_pose
141.34779088521063,126.10078726505854,70.10553977147981,59.43484134907835,17.481690208508525,60.83097299213412,32.29140432781266,Child_pose
113.848356832454,117.58611068033706,41.13524493019247,63.49983472464022,153.04891559116936,151.47379693357908,25.29872230746114,Child_pose
71.23577784845887,99.98484618098881,75.97237612595174,46.67284907640538,128.36135744195792,143.7684247173808,27.389644716962664,Child_pose
146.60319192659122,120.44637806581979,65.89755288424386,56.68816997495388,36.00159942801401,51.87066972165633,14.891115200282062,Child_pose
115.66007339830828,130.16667269639,98.68559588208169,92.42609709198129,149.7732956314965,124.9501412595604,67.64247732056637,Child_pose
92.23019493428481,93.67696316349266,37.012710643334096,71.39233831958924,147.55427737233708,123.27078309688184,26.689777942429163,Child_pose
72.65190364994058,80.14101879335081,59.84151543797826,37.749099119166175,142.78781387497716,135.47302635512315,22.196500125189868,Child_pose
95.04301981770686,88.34307457786544,159.0944216575975,127.18733313136893,128.9358258435467,137.333891563793,20.64805158067716,Child_pose
108.33326031278149,79.02960224194669,33.49878364566629,66.53553189858549,137.52625428729775,131.6169980735047,21.836117503917478,Child_pose
85.6610309279032,93.14313834011845,75.20449764137551,42.95171767641819,132.38007928481267,145.27584717539452,32.90265270410292,Child_pose
109.94632489394174,98.07898436086792,30.677090125714695,51.200064179408926,125.88379550411926,141.86073791333018,26.170230402514047,Child_pose
69.8747475595146,111.84657711595536,41.54016462867642,31.409706867467545,118.28100023841135,139.7554564471845,20.053026542460152,Child_pose
121.28038562398173,87.01293976777978,43.16218125085375,61.86694803038672,155.9091373194773,132.53876900069167,22.057957676736237,Child_pose
162.11456046261625,91.58794163375347,35.23320661844008,30.106510217727735,126.85138610302795,142.60781264870104,26.703002038477596,Child_pose
96.82071583506875,100.4082599689566,60.72837464824415,39.291569752287906,133.59030341852878,138.86807903652164,27.994592005829688,Child_pose
104.88563888307974,92.11488904381557,57.811843034250124,47.4486532870839,147.85577834457672,139.86612936856517,15.778903966269858,Child_pose
171.75067862298627,144.08049749666986,44.8719580437741,46.016460701538044,13.84020028726961,43.090875147859514,29.725443577285603,Child_pose
108.14575171542042,120.83576162417197,126.99596187382042,151.0998508086979,102.34232517041808,86.42883469212683,34.918556334763124,Child_pose
106.0194101398995,90.82319458767641,36.62912467350083,60.512757305133675,132.14942424756106,144.297041881154,25.469777100204347,Child_pose
139.35999930957237,129.17076897304338,39.965347434767345,59.98423831406602,52.14985853779138,15.098603776489622,101.46833586261059,Child_pose
108.82124255844464,144.56494552310411,51.51115875437256,69.61181038345492,55.37958335495244,31.8256268787524,28.193716791752273,Child_pose
134.46671151287862,154.58349363147434,123.79813089382606,132.66511808143034,49.037399113201985,23.162198784397518,109.61356188568348,Child_pose
100.6046807991105,111.83050111891129,37.479053474479876,100.05294725752692,113.07382471159872,81.89140861607225,62.289187522595654,Child_pose
73.3865792904407,106.558415782958,49.310479968889034,68.1198869823527,125.15293694604325,118.33560127024774,44.08528827567637,Child_pose
170.46293104964911,133.67550072838782,45.33311980223352,44.129008881812354,8.276509314263663,44.500317982081924,17.54714353520032,Child_pose
147.31126488286745,140.96683622975033,19.49317462896842,158.31090674370324,139.50156629075218,128.22554748279893,54.22397194646629,Child_pose
114.31711257320963,134.80250207555375,49.21825287326583,60.834217682010085,58.03513386476323,35.95279616143009,24.227822251261106,Child_pose
107.76273614921266,90.41784931570763,27.690945490474828,56.83752128513396,125.67349616267074,128.5936181043533,28.29748677596913,Child_pose
87.49459987820826,110.60055713891789,75.63059129051838,38.942356140938195,123.60414848997364,143.18477177723818,33.5262598367083,Child_pose
163.0772989341203,153.90655239657772,174.1671781991457,154.2498771780245,128.28728476186762,139.00475633439197,79.53600491719145,Child_pose
166.22152645656337,128.49582133840917,49.5416829958198,52.83879413871753,15.653430479397036,54.08302233051324,39.73273313054113,Child_pose
137.55167347141713,81.21272973099099,43.358018679720985,34.21057830076038,92.93323324538765,124.53569527638065,14.09859739723795,Child_pose
119.64177647706363,144.1677455588083,46.071478842353805,51.26812105472511,31.76961934237447,36.393160177286646,18.574173880050708,Child_pose
100.14291364556269,98.74318753934676,58.01260625246526,37.18835823620561,138.41542062106072,140.96049514927938,22.151895194991837,Child_pose
153.7200640442692,109.18325541818874,123.7974686398771,120.97911885148785,131.860981381959,141.1031685645256,33.97192741520053,Child_pose
101.74278301221302,139.45557965164147,28.883486203082835,27.79863061326405,12.107296176927889,59.6171743369169,101.51017902717473,Downward_dog_pose
106.58706010207372,76.56408013504057,177.55999080640441,158.9301214297152,129.24126317863997,139.48258867437607,84.99134426191836,Downward_dog_pose
135.0470298099724,114.82555869647614,159.4386010203177,161.36287456472488,161.38612648591672,65.83398089912953,93.37789369223366,Downward_dog_pose
149.14086695769157,143.73142149667112,140.08976296747528,152.38129188080077,21.002183019610094,33.249185961725914,106.82499033411968,Downward_dog_pose
67.99806657526649,110.11639660546786,165.2169264972328,176.96426324154172,137.28554816680438,121.66993637282711,75.22802605710599,Downward_dog_pose
114.79148392961544,87.97046526899896,171.94726864074264,170.84055450323368,136.0296740793391,134.94259088790213,101.58315309276563,Downward_dog_pose
121.10352887524112,78.67856578423077,174.46758810140116,160.536384775085,139.7987738826389,143.72222689569747,91.5605206276608,Downward_dog_pose
110.75556050492494,89.48532333034153,169.23055161171533,156.38404006911418,135.1192263074499,145.37321038973792,75.57276853115472,Downward_dog_pose
87.91609122865255,96.69812592748258,171.09523323635963,169.99786586819343,144.12602831623056,127.87017242173354,79.84587083542065,Downward_dog_pose
78.25534378410448,174.00055823127065,172.57611717960407,171.84756853526895,100.46061977244597,167.71941107262307,112.18491283654643,Downward_dog_pose
65.25086801732782,100.32606428749358,162.3407988245875,173.04524631945532,133.35170495652565,129.0417308620255,83.0704774002442,Downward_dog_pose
145.32415702900062,175.77665639010738,157.50448081345186,141.56805225125305,155.3717321847578,135.95985801643218,141.58733090316926,Downward_dog_pose
112.03949565578692,64.53194625075628,130.05291110152257,137.48494636153626,128.87041811401346,129.68548907195125,60.45756730586606,Downward_dog_pose
130.53805341871634,97.31593162017552,169.89531695464945,158.1449745225609,144.9420862364081,137.9350662648485,88.17048143309164,Downward_dog_pose
84.85073705582084,92.48301100995114,164.24774354078875,169.37627636483398,135.0742881139987,135.44191463638,66.95231094161915,Downward_dog_pose
132.14937966917435,84.29809729289136,172.59924800253307,176.586369625661,149.13992786645028,125.27224425223548,108.12742180673892,Downward_dog_pose
110.276163256364,88.18308677558386,176.8088693312235,161.6812809851762,132.3408374440157,128.5069679691543,97.62707923222956,Downward_dog_pose
152.6639087313896,75.58851070309983,174.4586150795929,167.92093499324787,155.75134529801494,97.96545337406742,118.22461653303894,Downward_dog_pose
119.020871426557,93.2171860991669,169.31390991498827,157.9317280031435,133.1630135001351,153.61978969875733,92.16264198077302,Downward_dog_pose
102.56316002290814,72.86610520848438,170.01237204575625,155.74099908956958,122.88010931095855,140.2741524387094,77.95406186694197,Downward_dog_pose
116.64146847331007,70.36599916364868,172.17444977571327,153.23422826407102,131.6804513301218,139.54693832253653,72.66936148668037,Downward_dog_pose
61.59330078100264,139.31066363836462,164.5447070954168,130.89401328135577,101.60718698786208,164.447586565352,90.53143586502006,Downward_dog_pose
100.63111476189422,78.55613255830076,173.50090012166748,154.07803439651323,125.50580377325142,140.48676086018688,74.73374746423123,Downward_dog_pose
105.4625313816509,81.39949228519704,170.04120931240791,157.0427082055868,120.30738002750444,130.27892227446728,87.71352312272673,Downward_dog_pose
124.76810990467632,117.0530307741995,171.8117808533132,166.71971580604463,125.44806026443432,48.74396796469989,77.69709456772928,Downward_dog_pose
108.80680877904582,77.67899130640589,175.40144867455535,159.0064684179495,126.70078353127087,152.52956032819495,83.71569611858673,Downward_dog_pose
62.860709872146224,103.58562248151095,155.69458900187507,166.45246828100915,114.6912146029688,145.16337874088293,79.2047379347407,Downward_dog_pose
115.63607817025873,81.83718708267466,173.30041661350327,160.03052557841312,143.12921283002785,130.1985124180365,89.19576003500288,Downward_dog_pose
108.85701301606024,83.91027504884006,171.70336254398924,158.63423978846848,138.24500893193178,135.90984951461013,78.72814363737578,Downward_dog_pose
98.38871625413128,78.386073106556,170.02878620426569,158.14493476221597,121.95776991198183,147.7570245647911,68.24760425629424,Downward_dog_pose
57.997381666710865,88.16185806367987,169.63245085140613,173.3609567714665,126.92701408772196,121.89557249361069,72.51961659148728,Downward_dog_pose
72.6494287297961,114.57386356807545,158.01767674855762,174.52353585843923,128.9137250360468,137.3100327348622,74.91423509112174,Downward_dog_pose
73.07130956072457,77.2078259547572,168.3709600643605,166.782303537107,138.47547418975398,125.5795117873424,73.48868503547085,Downward_dog_pose
67.71945029258704,113.0277780232305,153.9155331357809,147.23045434954693,140.3713908003054,126.09113844575896,65.75755427834333,Downward_dog_pose
119.29149408843419,107.3479191820835,136.4526419191671,163.11562246336754,143.81492018706794,138.63696388554507,32.15229032722811,Downward_dog_pose
96.70710657933192,103.48560479131184,174.43155137275195,171.97780332658036,139.90963054108525,155.9914114449898,87.68911139240993,Downward_dog_pose
67.28171043812108,90.93514067708189,172.9847120747369,173.60054619609062,140.58014824309913,123.57816580003951,64.72306451335923,Downward_dog_pose
68.68375386856214,131.51618554888816,145.9845340410573,152.68166456826532,140.63346644650863,126.84914465680737,75.57192000523412,Downward_dog_pose
69.55345090511815,100.16512895846712,167.7171549462611,175.14925346827502,135.37394995764956,129.43017189505767,75.64264401505291,Downward_dog_pose
150.74345604330964,125.24318930167017,168.38376938185965,178.41816345726687,131.66698780127427,85.07919408712687,74.52657110634811,Downward_dog_pose
124.03702216288166,67.46696116710571,139.14263135804387,162.44183141676717,153.0648191168487,116.74082083097579,141.38393897173813,Downward_dog_pose
160.36084528095287,171.8785792813692,170.13003376064506,164.30363324200587,95.96901073457677,146.58851841562353,78.39720471966551,Downward_dog_pose
82.08569451051092,97.08491533327458,168.61923180536195,177.17229836030495,148.0140867440689,125.59217003565003,69.82718598406288,Downward_dog_pose
136.17508495443144,68.26219135975833,147.9319595678323,167.4123443272824,158.47219229413187,120.51147465117364,141.39805674783003,Downward_dog_pose
154.63313872686393,154.27144277050712,127.18367676795658,127.3866245484291,162.80013506981248,166.6952806964555,64.81090969507912,Downward_dog_pose
72.2340262216447,96.8068713720817,153.817090771775,151.80202349266864,139.43939360674943,127.20214184785615,63.874858986045,Downward_dog_pose
126.04086560420487,123.15763271403603,175.2347194431555,174.661047211548,129.37464103136745,102.18965237702608,63.77057714366873,Downward_dog_pose
82.26939447131906,108.66815438385152,172.85093118709733,172.48517228991966,145.1001019664829,127.29808203612353,78.15962941133903,Downward_dog_pose
110.56008086109976,77.19854688630933,176.27899693780708,156.8535455754991,135.71214114689238,145.5574270696062,86.18430885870171,Downward_dog_pose
120.14521593095145,38.080412169737016,163.01825229259148,159.3817321990195,144.90527155613484,164.2444606478299,42.370969818682475,Downward_dog_pose
65.12878991738764,99.97678223932786,139.89521363100198,131.38319795214161,137.73742524835072,123.52753244802099,55.293281016012976,Downward_dog_pose
105.22640565943061,86.3008526838533,171.42941240969995,155.97941603663517,127.45966691412924,149.532179936141,77.81634436926026,Downward_dog_pose
67.4682188618421,105.5786280305349,165.25880103149404,176.22851768211322,141.47510113518243,119.5844267537375,96.9860255898315,Downward_dog_pose
85.3869636002686,106.77633136286974,178.6752990948949,177.90241916987068,148.06891663675293,135.48391025724018,81.48255982720913,Downward_dog_pose
108.9264689256722,82.10242669459207,169.4654955717608,162.42141120058199,140.06810199147475,141.37508930820883,88.92104281062966,Downward_dog_pose
116.36802502535149,85.114582821285,173.82327514209084,161.3655853165764,138.83013997666603,137.0263371332652,90.91734813634383,Downward_dog_pose
67.75929157061013,123.18309619234478,157.78453140976012,172.3464206110746,134.9632083320427,131.69844493557088,82.75782317461125,Downward_dog_pose
133.64663523403183,89.05922789014696,93.80806354831759,109.76893187492911,160.68407028523248,107.56509324612769,73.52006186263037,Downward_dog_pose
147.17278661019202,113.62494772219819,113.74717758204197,148.11569936560693,173.24798616630488,117.52175728781711,47.80593191622496,Downward_dog_pose
108.04972518963395,74.19194746656827,172.70601593741108,156.15347111172792,138.19029286050966,126.98348328826349,78.93817559139677,Downward_dog_pose
110.9399302592991,71.66066682555991,163.39268263136773,161.6454952326373,132.2943882231373,127.86312450081864,86.17390688318797,Downward_dog_pose
83.18326241540176,123.18996990680425,158.25562188506552,158.01192041583238,127.72490288496999,144.32883953267125,97.08322086636299,Downward_dog_pose
71.62406150044242,94.06874529831474,172.71518700993522,171.95667786444338,138.23148218574036,124.11617248299277,74.41898475237552,Downward_dog_pose
145.9473644489078,175.01466295577669,146.92986224864356,118.03821869877764,119.32271436638514,155.2532093456814,96.89703887439501,Downward_dog_pose
93.34351388904707,112.80038581283705,159.9314014409597,177.65648673532715,139.67247695912857,129.2704191702971,66.98726621475575,Downward_dog_pose
82.85658291327543,119.4120735618839,100.34901218678593,82.4996737489901,134.73946845890185,160.84745494680763,22.92684194834049,Downward_dog_pose
81.78526830306228,105.70512419394568,171.09729983403514,175.7866626728994,139.7923848669363,133.61536708736307,80.93785274224992,Downward_dog_pose
116.27396640551503,93.38114437633138,172.9835220616764,158.56358208625545,140.77625713632847,145.5733210656126,74.84962406204511,Downward_dog_pose
112.59880572688876,84.14471463949833,171.13527749975933,165.34213867541246,136.7829719572636,137.1500868638153,65.68150121795128,Downward_dog_pose
136.53377680138138,163.12816293058674,111.93135974348675,94.61628491973605,144.57397413406449,148.76401557524386,93.83333872778282,Downward_dog_pose
74.16754973959816,102.18878276154597,171.6673741856025,172.19545818630954,136.25012720433594,126.98112490891201,62.60501876817828,Downward_dog_pose
80.68093914912038,100.37782561143426,168.56895763525074,173.3324467428192,139.95537737793862,133.09975393276704,77.25176217980626,Downward_dog_pose
77.9287725715221,95.43930322617939,96.82494172085973,81.37017501364504,139.46451436976406,129.4265872089857,75.38799121108991,Downward_dog_pose
96.85916633058983,108.02530201363913,158.31707141420887,164.35261432342094,131.0739722387545,124.76263412297386,69.98098340775012,Downward_dog_pose
114.84695571331018,79.9174723465578,171.09459667102053,163.52386889021997,132.5684050021859,144.91269461238636,89.4696290698707,Downward_dog_pose
70.42265827927632,111.28591952516099,157.92632958459166,166.90597442561548,106.37673603821372,155.50137239706788,91.21526700485438,Downward_dog_pose
148.4531606479848,129.03159906859415,177.8827862455589,172.0974049506586,131.46632850494072,100.10871778674567,65.7748044308183,Downward_dog_pose
77.45122861919839,125.46754913740084,147.9052125086875,148.86845042476517,139.5575522991559,121.88546680979948,72.60072397706695,Downward_dog_pose
149.80652977556343,74.5595730682032,171.60659417029788,173.4930651180954,148.43637334784424,123.59774609905124,113.82663517741206,Downward_dog_pose
101.21276886312185,93.33403692807579,178.02488925188504,155.7618755484869,134.48791940811782,152.2302613376539,77.17651751463704,Downward_dog_pose
113.91637275554982,88.5972252036989,165.32144788296227,154.74741734887036,134.7271277689623,137.1654759691557,84.42833098465653,Downward_dog_pose
79.11137300726342,99.351783526215,176.23771696745203,173.18713770964473,143.29673708196145,141.59324452087503,61.79441753749069,Downward_dog_pose
61.01932173000573,105.23329394311624,160.07302794638957,170.09117680064296,129.30073830599804,129.5646161642608,70.970494792902,Downward_dog_pose
73.9472604999264,143.90329310415996,148.04350922091945,173.0457318578597,140.92008495348682,146.3856993871676,156.39281376280474,Downward_dog_pose
104.20167282726332,69.96769632652297,173.83988704815138,156.13838972144484,122.3373200092231,136.80878563219315,98.92987975623512,Downward_dog_pose
172.62881503029544,89.46003139153451,160.20402035669701,161.36295982102163,173.30277857971834,88.96311960659627,102.07811769775692,Downward_dog_pose
152.03221847068826,165.821127310885,110.60899142083967,87.68443577492553,127.81788778278464,162.70400507329447,98.421961912089,Downward_dog_pose
163.70936110630882,78.45987993690123,172.31384075552717,177.48046875614327,156.37434979626616,105.6445740328341,124.1488574947236,Downward_dog_pose
105.34067606298552,76.58223835905608,172.85573559295796,146.37340387516662,135.5408930814126,129.92256118255108,68.31156548617955,Downward_dog_pose
88.23408649070956,113.03575008937534,175.26876383457582,164.10388517890127,156.74486886095943,115.77226584470459,77.85481691824394,Downward_dog_pose
154.19248424231048,89.96766421579463,63.5911762486489,158.9646659345775,174.93917682176482,96.73228789939097,105.21315386824419,Downward_dog_pose
60.31672126203959,88.1310865369245,171.31027151540323,173.64068836819976,134.99150246221578,120.25327154197078,72.49215178811644,Downward_dog_pose
128.44837477684405,174.40767311684527,156.6094523414349,134.390224960103,111.81325208210447,171.30700107163403,120.9679373219947,Downward_dog_pose
75.96646012485063,115.49574696534872,157.5127485771613,167.52895877512415,135.0304023671331,135.1524075324977,73.63083415622377,Downward_dog_pose
157.71323750908334,104.45606001041142,173.27310866803532,175.83473497858543,155.98433315529797,111.66375727708242,79.99398253886045,Downward_dog_pose
119.87858409189663,88.93335681489621,135.157922258003,147.26181625665382,73.4346503021936,75.44720231570597,90.14253662309628,Downward_dog_pose
96.90017441003228,132.0909358622653,159.39410937774474,174.69029467668472,132.51759251943966,144.92198630943497,79.0563600713329,Downward_dog_pose
82.63114539342283,104.0534362404114,129.25283906511308,123.72208439229945,148.13223447738432,129.17490708115008,45.17504740615378,Downward_dog_pose
73.50346796633613,109.11536658631688,167.56679880155554,177.57552345895115,132.9717461690086,132.3621857175648,77.38467342688232,Downward_dog_pose
74.27766003722664,111.19812638602191,164.270650461974,167.34839624968458,139.43336563986182,143.34389926142475,86.67333739408407,Downward_dog_pose
113.3015456356192,86.67107299021299,176.62906991220785,164.66620541004883,138.30515046541026,139.23170432626006,99.71365306447102,Downward_dog_pose
75.49900174866494,116.61373163526673,163.8908864796779,168.1804873861894,134.49887711114104,137.18203908257584,87.04805414009854,Downward_dog_pose
51.339131126119206,97.61232532796643,165.96689701254905,164.5527006082015,144.68972559704545,117.54145822229401,76.36119562042387,Downward_dog_pose
121.53449523047814,100.49526840751194,172.24235816779822,168.40546916189396,150.07871564905417,129.97218045950922,84.70735460754133,Downward_dog_pose
75.61801679496529,125.59495242971555,153.12502086055864,159.68657383000902,143.71404029240972,133.67277000311097,92.91962901008316,Downward_dog_pose
173.27888259334034,85.91359336465449,170.55492240349818,166.35023964148652,160.01290908328178,134.0984293503073,113.64216505261678,Downward_dog_pose
134.477563699136,138.05079426588654,69.02055779397683,110.85677139455338,124.50473865370378,124.06726702746144,30.819624004663996,Downward_dog_pose
114.76491315868151,63.79605302726988,139.80285773221084,146.15541576988454,132.66553062174157,135.44747017434898,70.56978030310177,Downward_dog_pose
134.3413842119182,173.85187202148919,144.26171750062267,164.24263994794597,118.45726152502922,165.5224511404277,85.3832760690461,Downward_dog_pose
121.86020264987998,163.82382660443147,156.42950324709443,71.75919546411906,102.76610944792392,106.21557207541798,127.06940721451257,Downward_dog_pose
41.46886801132083,133.65929904191546,165.09577357246008,160.89023943787234,123.50269572480408,130.0214073900049,58.022847465343254,Downward_dog_pose
131.05362507650787,146.1387664022263,138.30072837455933,161.6863521167468,168.3168850509352,156.94962318929387,133.14040584050437,Downward_dog_pose
80.40152944152977,99.84752742026077,162.21481245004654,168.70811523619994,149.23736551663922,130.7931164856613,73.17215355293426,Downward_dog_pose
109.6609326403188,84.7540010538937,168.43296351960404,152.4701270523885,135.68359553030584,138.42046659850436,86.50081171889845,Downward_dog_pose
143.13521988264645,98.04228869223783,66.1821998020109,164.4101067826985,176.53155286254446,120.93495441142231,100.82101042698612,Downward_dog_pose
122.38737573370257,98.94480953751271,171.5613620192637,171.39311119359795,123.43876447647136,111.6997209437426,106.42298615155391,Downward_dog_pose
74.9716160470618,107.78507517939467,165.6705351521171,171.3429948254637,150.08693284109617,122.80431893095876,73.81612100826776,Downward_dog_pose
121.2403941427296,175.9361149195978,145.81726725551863,160.9108210952522,107.17840109809619,163.80117153608677,91.1112222447434,Downward_dog_pose
107.29637256240275,72.5673662241792,172.5628886571289,154.45016194049398,126.96574443479435,140.0023357939434,79.40591014219106,Downward_dog_pose
78.07036819438785,108.51359945478215,163.5447703606637,167.2883787183042,131.87171735708515,139.15846800545157,74.08118077546229,Downward_dog_pose
169.09199299389962,148.34909573087876,140.47712578151348,160.6569293562545,73.47526104508736,72.64271040660405,169.05666187206452,Downward_dog_pose
175.27174185092056,127.53574957139429,162.27242051991124,164.79469481562043,160.5538739096811,137.24118815883529,90.52220527738004,Downward_dog_pose
149.91381764769866,78.79225279321187,164.24893747349046,153.66795964886722,115.62375448550787,169.78363725300164,79.75827041331442,Downward_dog_pose
158.36313993750497,150.20206197697902,98.49316576580445,136.50604717384525,109.49781583518647,120.14512729333019,111.08293105834785,Traingle_pose
132.75439443236735,139.51839371568323,158.34814353633868,133.42273477610138,93.3822517007342,117.95293397853878,89.40087724029233,Traingle_pose
161.86270442739624,152.70450382824228,139.57822122443037,158.52067396069606,87.63677850773158,99.68596859888326,83.84364567797364,Traingle_pose
160.23213653481935,143.65979592815492,99.28350726115211,154.346245071666,122.42662978685819,108.22647542363636,129.9435573342922,Traingle_pose
113.80006377037455,153.8475333910071,164.38847402522117,150.99540290879125,79.59115382046942,114.31422224619492,78.46146006631503,Traingle_pose
169.74543820633428,148.2585672116969,136.29244089868834,163.77475819160293,120.48679750774758,108.7268169481119,140.17916932715482,Traingle_pose
134.38902601655496,157.50179547580268,125.96561216296878,118.09633908343949,91.57040788377219,124.28714840480542,121.5912011230419,Traingle_pose
128.58963867596705,131.5206860545546,138.65580830011214,153.04125690863054,102.87428146994763,97.41411773566674,142.7422338652917,Traingle_pose
168.49566669010477,150.40510147674803,163.7134905599314,148.28769743844254,72.34999498377496,107.23992802697434,27.7520808386314,Traingle_pose
122.91217403171052,162.1781480431854,124.71243729365264,131.55378748740458,71.75900965458351,118.8316351476923,86.45320015801899,Traingle_pose
156.58503512525007,132.8464945142386,102.5188256305704,147.24528465871498,127.92548209064006,102.24981977607254,129.0856985171996,Traingle_pose
163.59950301672342,154.89774744562615,109.38129677217393,149.35392846076684,116.43574486849037,122.47585710156972,128.44829397151997,Traingle_pose
126.92033364070733,157.37421038616498,146.7317269803618,146.46793573316097,84.01301172513324,106.22004280652168,136.53301278493524,Traingle_pose
168.37078924840424,151.9964660954337,137.85475420306588,169.91316318241476,111.782211066085,110.65599694640889,138.17118238633924,Traingle_pose
122.44347378583291,156.2428098865365,156.61287592998508,155.43960931306555,87.75249743909995,107.20900799724863,118.91811193456718,Traingle_pose
152.26272171238173,139.76219253144583,100.37465908232747,136.02372963519855,106.26320744606659,51.353325483352855,53.68187908198032,Traingle_pose
137.02777660893776,169.2224011629602,154.17002648731165,151.85768914349342,95.04099639729984,78.61365556369746,98.59611164412101,Traingle_pose
158.30506107467681,157.7169686117976,102.4156239318047,137.69607930767168,137.20352500853144,113.24848201493327,114.56885432687417,Traingle_pose
138.71091559718812,157.22179290319826,169.8441603098834,136.41445673406525,98.11759173309648,112.50467519627315,114.04217501866002,Traingle_pose
166.42548474353097,157.69490652165356,120.95278825713257,160.0371718374255,125.69745612807927,122.20957065320465,119.27032691661451,Traingle_pose
162.3349904304643,137.18233642397794,116.03613705764165,164.24158935486426,122.22514361768734,99.85259641670422,135.39977410679708,Traingle_pose
165.7863218350792,165.51558922212288,100.81763749076445,127.78130874902706,120.35051953545619,124.90976903488857,146.2990523927768,Traingle_pose
139.4155764333418,151.08224394620797,116.32964811715054,103.71506599082909,119.78550894021149,114.57981626310114,76.44365466801538,Traingle_pose
160.95094268369775,150.06235574178447,128.86047988830234,152.56622447257286,113.02415487211846,110.76217029916607,138.37930689169224,Traingle_pose
139.678020085336,151.03986350634312,165.41972610837183,165.12838594857237,46.10193143568453,50.475262420966956,75.40702923325756,Traingle_pose
132.9296624892002,134.27713300536695,169.9135808928954,142.21043424515886,110.5204179309998,110.24819922999744,95.61280804427815,Traingle_pose
134.82790722325967,149.21681200388997,162.1591322789568,151.43191893085915,106.18348569526607,112.57461106648869,136.52947904225846,Traingle_pose
158.23139321593447,146.32227165629737,148.70724317383318,171.4831327609983,111.37113245396128,113.37923474596676,130.807928239665,Traingle_pose
162.86012866739804,153.8983660242467,115.08631525044352,155.7719982750102,121.94768054841585,122.48367051665757,127.49111653491217,Traingle_pose
161.64996512611398,161.53738180664737,103.58480070741831,141.9643599854657,117.63850999846639,99.15933801928131,142.65884861242918,Traingle_pose
103.03108055454432,113.31464328270262,150.73242834467592,132.54930151346207,46.975659022982846,6.512272612266581,101.39374838387803,Traingle_pose
173.0521293836941,177.02752044576104,168.7023907671104,153.32661008280093,99.18646947028857,102.28699642754013,141.39725338087263,Traingle_pose
170.1786426500513,145.11273814864413,153.6151302381342,161.18591241516594,99.89934016435447,96.49642220275513,77.08450895248038,Traingle_pose
155.93099294521394,150.27774658799277,93.04424592751414,136.03461573511595,119.30267169399676,127.04764515294123,96.38355641689006,Traingle_pose
124.19922613136792,157.53583937618356,157.0815082731781,124.74315860722946,87.84044178878405,136.06704958677443,94.07538436652722,Traingle_pose
150.2897675478663,141.66685063552848,168.0750375626728,143.31348804604863,122.2706411750619,122.81099159559935,92.64502957109418,Traingle_pose
141.7918143586771,170.61342312226236,82.68542197153475,120.52544438218384,80.13601855198701,141.89529610706995,43.08424333995344,Traingle_pose
175.08609626636985,152.20133103111812,121.8023953900877,155.2261384491896,120.64290739443055,103.94644115031518,148.9375639908223,Traingle_pose
138.4722827832479,172.52345345385908,156.85964614914613,140.15345340271844,142.4484752000912,82.64443207869562,116.94803690803116,Traingle_pose
146.22853680661896,129.16861397602307,88.5424493618089,76.5249858399012,93.88235041359619,76.05477655143363,73.57854872892302,Traingle_pose
156.0374237873721,149.08984455537018,115.70665557739915,174.95741497995883,108.81518669079091,114.97800773882831,107.20837416283304,Traingle_pose
148.12951983629623,148.65383936660834,148.35840082534858,151.1732919687039,121.88806735819568,103.34449028197287,140.63988272925351,Traingle_pose
143.6648500284587,166.46272176162407,79.11975831482015,147.44686799708876,75.41149871007043,142.96241175694126,21.989848303592176,Traingle_pose
142.726809982226,151.1206663371582,129.273397498948,155.57567239076573,91.60629813479527,128.6377668867938,77.05720369659373,Traingle_pose
168.11756054718205,139.8474016775788,149.73797569073685,162.06587399851801,84.90545504202923,92.2649142482785,84.8972182045982,Traingle_pose
165.98985937821698,146.50085804430114,95.27705636678881,159.65997830112858,133.5515186040744,107.87093934019333,120.90065866368425,Traingle_pose
158.31878682141922,149.78612269756965,97.58244309905614,140.95127961216835,112.26649200807368,122.22116702151794,119.8652498845182,Traingle_pose
154.7639792132341,140.8211141875784,155.5036575764179,160.2250341516984,80.76707743255167,113.86404391854762,87.50097391171724,Traingle_pose
130.45794624615186,104.79004906396544,136.60719711894586,125.19602372545961,79.26193222392186,100.59497615015745,75.49675059045593,Traingle_pose
163.43432121818174,155.86335154760064,101.97046838172956,161.72198165695963,120.66045323291773,126.4651626161008,111.3013210336434,Traingle_pose
172.19152160161724,160.07172058369,104.57651121598742,175.10293100505348,126.68073788393313,61.340101774397645,105.92596039661801,Traingle_pose
143.9860965449832,151.68830435273463,163.55094836773347,143.5991006130765,117.99424440713771,123.15881553420894,111.9065717553393,Traingle_pose
122.08944516363518,133.8272318244366,167.99628565275086,146.14326370849844,88.48104948013614,114.87215062507053,104.85345488566772,Traingle_pose
170.38013717377788,144.64424970103786,115.61441044911248,153.31947889175075,130.4729016311527,104.51932926634726,128.14348510111586,Traingle_pose
133.6899558231896,156.98744427910182,157.77522601883987,169.83498313595217,103.1668971175009,91.37387036816277,108.89933872211806,Traingle_pose
122.41356473024138,149.3512219801843,150.90054164229264,139.86485727722348,78.60653123665467,123.83847998771486,93.96520512027482,Traingle_pose
147.2902299160834,148.07079723225758,160.162497778237,125.81516696688799,113.66808232690987,126.54192942065063,104.61102252078248,Traingle_pose
170.86540320501888,146.13626016299528,95.07771919527652,123.29510114788613,132.11668555753803,101.38468183288506,119.74357551966429,Traingle_pose
166.2109022628073,145.9464329544477,115.25190826116322,156.1898776398143,111.67834930598218,100.16338220337968,132.73686466245138,Traingle_pose
164.5086074600165,140.84185686501138,98.179360736575,154.75631956986933,133.5471321063197,94.5039290995318,112.69325495850232,Traingle_pose
151.38458262196158,164.91610278979803,164.5269197784702,168.3983024010018,112.02410290169794,89.46299078273914,98.20841731871658,Traingle_pose
170.84099891035157,160.02994869264657,135.6028673624034,158.562468404766,111.6288536635179,118.25029198497766,131.0952187983736,Traingle_pose
161.84088450975574,140.0140869165167,89.13978462971424,136.11619492336465,125.35087348054668,97.87023949435967,117.25160550168206,Traingle_pose
127.19577675480927,169.67066710111632,147.2872703311763,164.35785783984645,100.30780769581675,89.61423152275295,121.19191323523373,Traingle_pose
138.55565395697823,142.37343829003657,141.24366823590867,130.61224986254743,98.63125388428374,109.94708500350305,64.98095750172764,Traingle_pose
137.55718520412913,151.41274387796776,163.63310415411553,132.09743580856704,91.49359372587672,128.35748280687088,91.21925158810407,Traingle_pose
140.35425353029922,142.84147346709503,154.34346077451048,140.52425368774414,99.18847128702103,113.2855460062955,58.324451224485244,Traingle_pose
154.99318157261666,153.62581084443548,96.13195488068966,149.90879958897744,118.99728391598936,113.40172538155069,88.32558855544389,Traingle_pose
159.55207422833158,125.17736494441866,102.68791365725045,167.89658222985645,119.18835969775685,104.21896474860584,106.80313209031013,Traingle_pose
164.01745547820258,152.0716508710215,150.1194329938903,55.19644839914107,90.95128335152688,90.79390162130338,71.50995575791873,Traingle_pose
175.2599312743121,119.0304931075104,104.79258765330803,145.94461700749068,149.92254631257396,61.84566313913189,124.34732010519724,Traingle_pose
139.20802792436174,122.73659462392159,163.4350025763214,134.6817050866821,103.63440442413096,103.84395894458007,81.0522821797228,Traingle_pose
136.48563142160492,159.893555037802,172.00456046233347,141.89430814273965,109.1931195429823,105.03574377687438,105.3349155371768,Traingle_pose
164.182500525391,130.2165504509745,90.48048779927677,147.06291162710187,139.85187814360984,87.62802756160877,108.84225411928777,Traingle_pose
128.17982216572722,165.11735282317593,148.3013977126512,124.16593729028081,88.38068608440888,144.7213901402565,80.05494705061633,Traingle_pose
114.65954164130378,127.80025822817868,114.79866450947365,118.51771792874345,82.69082057281521,117.56291404973416,120.15718424195137,Traingle_pose
133.03420756095448,158.06751381548222,155.2283139980318,131.56348935663615,96.94066518737735,136.91184833574104,95.02209884033725,Traingle_pose
149.69718035676445,136.48424932846922,161.286674313385,135.03724648473016,98.42300176596667,118.5402140576801,67.9581436546057,Traingle_pose
160.44609047132985,142.74738517210235,127.42067917225454,157.17067514150523,116.82785230875083,108.61643726250415,127.07427554810852,Traingle_pose
120.29522315432062,140.81174817570044,147.5979486786714,143.6254290112055,88.66123442274265,101.02725119973469,81.3244903528502,Traingle_pose
112.41656440220234,173.11289421654055,122.96657374753329,139.24049130012983,62.03456344609152,153.29282101310827,88.16813094738313,Traingle_pose
163.36029050808827,150.84969088839102,117.7124158015078,159.3198201046844,141.63788668069378,113.73928138811623,110.9592371107972,Traingle_pose
159.76561206716792,162.48472291583232,99.48955788807908,155.21842917398405,122.4621372620576,125.63949541025,121.43238428742993,Traingle_pose
116.298274770815,176.66772908141357,150.76128989691267,150.47841813926834,99.21062677284631,111.26945782202905,120.95125501982552,Traingle_pose
145.8749394873799,175.4230848717403,74.09004785517399,73.73441007291345,109.28143053910553,138.04487593819815,55.64228765364256,Traingle_pose
147.66679480118574,162.0975418592519,166.86777940275573,146.16050755069026,106.07148285812123,117.86818654689526,99.01713756676827,Traingle_pose
164.27102279879074,165.70488060709621,122.5717391974672,166.63135007011311,123.69102508643493,118.45320826313365,130.61971868901176,Traingle_pose
157.37621984079342,119.69532215252073,129.43013699734328,172.18204494070955,88.8578835065961,75.81029669553479,81.16279615274131,Traingle_pose
164.64079393120394,167.38622789710686,169.376451158777,143.76200412651804,68.29528430192164,101.05737216437177,27.153625814387585,Traingle_pose
167.5512044099998,143.40449174771146,97.24836088336761,137.42130308591393,142.06337741874754,102.06999641076014,108.32240622802703,Traingle_pose
141.01094242143412,179.47119535283124,156.74273014893896,165.8773825759078,113.04633231528983,130.2066411438556,104.43950260856586,Traingle_pose
168.6376678378841,140.8375437727842,97.42098151094147,131.98670379482706,136.77162829830948,89.01078280978543,135.6127177219033,Traingle_pose
173.41561824206303,155.20626606616085,172.15163475217255,149.1070138963707,79.26836379234156,101.6687296138739,33.22745348822824,Traingle_pose
165.73763073248764,155.6230024661586,126.74095615979397,167.86704090840402,119.12017163014339,126.71074985815466,133.20264290002515,Traingle_pose
154.44520858459094,123.50113035439519,135.8627203265053,165.8464950072543,35.197886379045215,34.05566639685732,62.81778691210204,Traingle_pose
127.46133967855174,137.81654395078277,127.00893841721675,123.13828451126346,68.36793720839837,155.05932373391028,73.15921135421988,Traingle_pose
152.82223425998836,154.64810006004498,148.5631704996634,162.3919479276972,20.968091603666238,20.362759286999605,39.63089475183334,Traingle_pose
152.14935400415683,165.74739353418258,98.78237798737078,163.47182803389452,106.8323186627534,128.82116509332508,100.95934715742203,Traingle_pose
136.32108490316918,150.55105121315606,93.32730968103166,167.42160653560558,129.60399916058665,122.51291185094267,75.47411629612867,Traingle_pose
165.35094325073086,141.75863413341258,151.78562331484474,147.84106086684403,79.46333845928048,105.42703170180395,82.91508522760259,Traingle_pose
131.6369622138126,158.9069702158708,94.54517587908799,156.0547999809175,102.20446882226037,125.5665200035377,103.67440655849246,Traingle_pose
117.60578067676057,140.6317236710314,171.37029142169916,159.49273762653615,81.68799195255214,104.83820726784894,104.83475017104575,Traingle_pose
144.79522596155437,143.9321568798164,137.68319084714093,140.37808843234117,104.39857511202108,89.31497552085253,134.2524183424954,Traingle_pose
155.35659023540197,160.84575184077306,141.78519993504176,166.36685795601497,133.57990845547974,134.5973591007996,128.438295098571,Traingle_pose
156.24150110476384,147.15498743023988,124.22446346735695,127.32173805574453,133.57248859364736,107.68961069495012,162.29543185536562,Traingle_pose
123.90206110896126,157.87762455599835,166.94345662560733,134.56014193708663,94.70761115741834,121.39129549527314,88.48368581142904,Traingle_pose
158.83518683958036,136.79164196086433,103.05288214731279,140.07539071727263,129.36645448252872,97.84768532118265,118.50889821232897,Traingle_pose
145.0860422322535,140.58386316864897,76.93918864629549,116.86579641075035,116.28378524122837,98.94587107878363,92.05804785752753,Traingle_pose
150.67700112527862,172.54411459019275,138.1893167108666,172.81271837615958,103.82439873102095,61.7692514473182,143.44456768167723,Traingle_pose
166.31984848415937,115.22982378273569,119.6974780611175,127.24460100525626,162.06371622465693,38.00281785404691,141.12882622192078,Traingle_pose
155.56819295933883,170.2925325946503,155.2327886999376,173.8611967954595,105.4245033744964,63.62006534097135,125.98654453014987,Traingle_pose
171.88798782394286,137.12026715676205,103.45459809933364,151.91815471690208,110.74157903467426,75.8171635066591,145.15367923336507,Traingle_pose
140.33663048335367,153.34177548881374,156.39329588907796,157.53206987566966,100.3929447808779,96.13332752574819,118.8096288568134,Traingle_pose
165.93027213080606,159.678240476671,158.20133733876642,160.54498199258896,87.89682069689638,113.99049980152823,96.98081635148559,Traingle_pose
158.10029515053765,125.60993717322779,149.35027636237234,136.9160433414316,72.13887209921629,96.98123200713033,78.73222400080212,Traingle_pose
157.235382284177,146.67528751523582,147.12354559072662,162.62270075258334,99.31022309390903,61.53441595281704,141.56505509599052,Traingle_pose
118.43634077818763,120.3633521893445,162.1581956403606,168.25415734705163,105.29065062584648,102.74633012668356,77.77935734235231,Traingle_pose
129.42432852731812,133.24875920419743,141.2883775023199,134.9612231333375,83.33419030263504,115.09143386898933,85.36076442852672,Traingle_pose
173.72486527135487,160.7741519612021,178.47127707729035,143.01113021074784,57.125069255826006,105.57195134571727,31.70733473298056,Traingle_pose
130.12931592776778,134.17578214480645,158.6670003911017,143.08727484852844,92.04587943073864,117.5904873732424,94.68370415416952,Traingle_pose
148.42807897519543,149.90890116056238,137.3083763305367,162.36652189990318,107.56844232548556,114.1979542196801,115.36826762604821,Traingle_pose
176.5852408778335,162.70916388197722,130.32371653277357,88.78078699812077,124.27417954296115,98.16911237041367,155.98923657810366,Traingle_pose
140.15582952095707,156.00860303065247,124.21152493368228,34.666619363149486,132.737970870124,166.48273901373346,171.73084904127373,Tree_pose
121.69598709682349,165.63971659278286,156.87620548105812,107.17232424128655,122.46163648241033,141.48169467408616,164.86946478028534,Tree_pose
149.3218798464122,122.06725271011544,15.193483292686896,71.02434744172717,172.7705369853696,165.15910678488552,65.50146739524358,Tree_pose
134.443222964165,138.00229335344866,121.2231086378108,30.103124429295608,56.709684712674104,66.79524758954526,167.91858861106294,Tree_pose
112.4171637015247,103.8257818935169,148.86191900587318,100.39339197129277,156.0494652818517,143.48986023240715,171.73473238453292,Tree_pose
144.21218924573634,138.73937069961642,89.55847196630673,18.174138754698966,176.26340139009463,175.1117280053572,61.05301572533134,Tree_pose
144.68098498386354,137.07696785168278,34.059671579596944,103.98091191531256,79.15344254754433,80.17716190327522,117.09112168229673,Tree_pose
141.99725429947728,133.05872865316988,14.262141258633065,102.88034352887131,65.65528588265256,66.56702794511554,100.56239182062797,Tree_pose
129.22339597030722,123.7306851942691,31.146551221806742,105.44775717771574,51.49116287038833,44.42395584120425,119.51144305906425,Tree_pose
112.69195367266245,118.89722374794668,169.99691130558068,75.40409374415712,138.84399719948198,155.49401794149645,162.21261833189732,Tree_pose
117.36029248153422,103.2571999762085,19.56581555204403,104.48130149963674,145.31294870111563,132.74874878247064,91.68985991337297,Tree_pose
158.86691852487405,90.92885367224784,116.6412189589452,44.366821822485534,149.13558325179505,27.739616170242236,139.46779345186903,Tree_pose
111.08273130797826,96.85337552190931,131.6589351113727,26.864042148196823,158.98096701997449,141.36937019848574,161.247994855891,Tree_pose
133.4540909966719,141.9238392282443,134.0484052451235,32.74890212105201,161.4742610796975,176.36621179136407,152.77959080988586,Tree_pose
137.30154581722783,116.50334827398193,20.971729318145577,116.00178959551697,153.59422474778881,135.6038811814099,92.63049346437307,Tree_pose
154.77788110534794,113.0101859413886,17.026893906878506,87.99969967016223,136.559502917065,133.42306870023367,98.46214103337509,Tree_pose
130.1451293087564,127.06635766249204,114.89801830695284,48.5129494069296,150.47258450810173,164.32221557420098,144.55099643741138,Tree_pose
123.6783545475889,112.82637199565292,135.99068044196338,22.5180926803018,40.012862489634806,55.0658556037212,160.74049755894893,Tree_pose
81.15022445455058,65.81778659149515,117.19675353825946,21.596672395069103,48.253934054395124,33.26139713947886,144.1479211102522,Tree_pose
131.23390944125427,127.29018953501973,42.2747401634536,115.4691096811083,73.45121458342398,67.08996827474542,105.61155467099131,Tree_pose
142.08021904879445,136.8769249251589,15.84920087353212,109.70982141191432,67.32202924192816,68.69729040540567,99.24763508726475,Tree_pose
133.87874839981296,121.51647312583424,127.80087066597413,14.696615840057884,44.32988595617205,58.317469204951,170.3108199350459,Tree_pose
81.15901566279997,69.02886756582288,112.01320077230135,23.627595069803522,46.72818038271312,35.599175798887806,143.22852653611392,Tree_pose
134.97155295832852,138.24733891521308,125.66112839140351,21.181805692391457,65.69937904798064,72.74130229783037,171.979856876991,Tree_pose
132.23508205236445,140.0382768533192,140.23252136745978,20.510528740504483,165.00078822457934,166.05908854929348,158.58051524130374,Tree_pose
133.0643304531046,134.53720998353478,13.847745448601314,80.43879785638748,58.13248999824174,52.09747489384031,99.16588804250968,Tree_pose
127.62037784011424,131.13067787358372,99.42176662389919,104.0902260067444,169.24697009694592,162.76327801016356,113.99808316060721,Tree_pose
113.43352919473838,139.84379373534117,128.97536785225523,19.18197322288188,132.48153455208262,153.15217185840223,176.07837166568504,Tree_pose
129.9229951566141,126.80987348393461,28.403758841460277,100.6910495427442,48.76222386784189,44.056070094292515,112.96600242264265,Tree_pose
160.9655115021875,166.6407648292738,140.04677451947217,17.662840655574378,175.069652334748,163.10373207854025,130.43734758266373,Tree_pose
125.76238644629231,128.43230432819095,123.45792456710171,21.963561776263333,58.35797202312202,71.78006577541508,167.6892929457742,Tree_pose
127.9978247807285,138.29730284570175,126.57798330039195,25.862535165356128,134.0721874127826,157.4378585623753,168.95830722034322,Tree_pose
132.09117633365818,131.24314361293332,14.032213759455994,101.17507377331343,37.634782145001054,34.52357229425482,120.71905624227485,Tree_pose
147.9650817111897,118.62823243579923,16.975281964784493,79.06977081627721,172.1671373661051,165.6699321819026,68.73365993086988,Tree_pose
127.95522505474267,98.8859736800683,80.10677418027716,91.92321136311327,68.57762841264518,73.12876180614496,95.76041952789248,Tree_pose
170.24894881160392,172.302272269948,146.19171520578226,29.49695958077325,167.58384156796734,162.84581745698145,153.6036926710698,Tree_pose
142.70128764542437,159.63000388993146,132.08285432438043,35.711144617896174,136.62766899520278,163.24618076812266,171.3169531028386,Tree_pose
133.50842763273656,129.75461232765258,13.482920644082201,90.78429620129829,61.13884050768819,55.67629200973308,101.7719367666509,Tree_pose
99.4891238037962,113.76644079072501,22.2362147417972,100.45500900082621,133.38270042971072,138.57323844664867,111.48226683045789,Tree_pose
161.65157134511213,132.29361380075207,13.138241460324622,86.01001604665824,171.32099868006833,154.0818233851331,73.5652694088011,Tree_pose
131.80136728014634,126.72523901890709,24.869541210957422,97.40290521109205,49.50152678195311,43.54418373857363,120.21053579424556,Tree_pose
147.75280489736778,140.2100725766442,104.83773504040617,18.664123412444155,177.47327824828022,172.9021381387707,82.13376376325184,Tree_pose
147.83253021752728,170.91791856389847,84.08542251992658,101.97796158268729,134.50235249860035,155.83523421412002,111.68695141885988,Tree_pose
159.01373297011813,89.92651967780392,126.20606648895291,36.8879754734123,158.7947556399067,29.19576211154367,146.18437515070855,Tree_pose
144.289041495662,112.33886161270397,20.725760415682043,121.62828221378346,169.5593239090394,160.0258823577825,73.86569426554749,Tree_pose
130.5008434169039,130.19375204974043,132.41831541555615,25.154857005572477,59.74520421143108,67.85223558292905,165.4635027985607,Tree_pose
147.04044196260108,128.95052723467793,18.369346833309777,103.45672907247283,171.1107640855847,160.21481878903353,65.42216535073675,Tree_pose
118.62766937728423,111.71653654140235,113.47637274956294,17.504339627376616,45.94846088612207,47.04813670390828,173.5445069158961,Tree_pose
127.61150461310105,99.5987427511269,18.401853426762685,84.25038171017475,170.1609573658029,168.50389756267055,70.62496194690111,Tree_pose
128.8933732101401,130.76476423402704,15.409900336653083,83.71275297815305,56.496962015719156,50.34224341924637,99.04126032422003,Tree_pose
130.0436922949996,120.59224395106256,162.49943808432255,99.92986172347655,37.663398542174455,71.75116974476151,156.2840992044445,Tree_pose
128.58296220129304,133.50793427961534,134.23252555097625,22.673108799233322,56.72313349297057,66.16906098860608,165.3312699441187,Tree_pose
132.09974145274106,130.40393824066678,125.04246650326387,15.715506464529879,62.49749686530881,65.11417812199367,169.710101222331,Tree_pose
118.91213112062142,123.96264772375667,38.61574213528312,38.027568685432904,155.30479642330258,159.50871833127866,107.40231034998814,Tree_pose
144.28653040389185,147.10198125838536,139.66770218317143,23.292239225422954,157.17037041199896,176.4187258734114,166.53242328147385,Tree_pose
167.44440404643268,145.52070263378755,116.44080587173195,116.72231608419874,176.3743234424936,167.05312555708562,141.0462569752783,Tree_pose
122.95755930153865,130.26825494300166,126.48346283523797,25.2336465579119,131.66483790752108,153.84377766273084,171.29567626270142,Tree_pose
108.51210575372104,151.10887735418834,130.8814026707741,99.2996135223458,109.90733640249657,107.32601197024775,172.38956410395613,Tree_pose
147.77621568273406,116.60024144948193,25.540034296004524,97.58977239052182,155.08527143050276,144.19290885755808,106.27257817232025,Tree_pose
151.71773947466295,116.88752199997423,21.38203303153641,103.99939728642407,161.16745323550438,144.03205283630595,88.26805705095286,Tree_pose
85.79277500345195,96.85543747405964,145.49863288132588,31.30596753944343,146.35106147392875,160.41677057983284,157.88910652469045,Tree_pose
164.67582965112675,131.43644493506963,14.084078982001508,87.41670697540799,171.72718234019294,150.75526128354508,76.44215841497578,Tree_pose
119.29034276178095,126.55810028486042,100.44578564328702,32.598104898778054,58.07888214277611,66.94170389518754,168.2445907924134,Tree_pose
132.69770691023274,129.55959035783943,126.3661613655523,21.39725388645774,144.03611830662223,155.08084012891285,150.30675843961524,Tree_pose
147.82245805392608,120.96129870095736,18.12327524067351,96.064446136646,141.47269684721374,132.96944129057337,94.26385903074784,Tree_pose
124.82366118506373,129.9419003059352,94.80475099536399,110.57527552040143,159.5329984345275,160.40932924071058,117.641531735795,Tree_pose
169.44357604661403,127.95199926498735,14.371469342775296,92.58438412848015,167.2176492847319,162.31200186510523,63.459530901604275,Tree_pose
126.97568367483507,125.53927611384853,114.0128223017157,11.48356659503427,67.39780423554711,75.66840608733348,159.37693762314174,Tree_pose
138.4509782886003,127.59660049855003,124.15080778296375,18.360411494752803,169.27059275403155,169.61114432640795,104.53356340142656,Tree_pose
156.60043271553096,116.93208916962999,104.95491922667415,60.34104300080146,115.65608115670317,93.7488476273003,97.43709974061333,Warrior_pose
169.25550767948013,112.54433674237035,109.18520845012101,82.21549391395297,112.89776434454264,96.66634963741495,94.27856514615955,Warrior_pose
149.48594958090197,117.5416386872963,112.94430225760128,70.36831626868711,104.42797340490233,90.47678851637525,108.44558333385035,Warrior_pose
174.58832803432756,153.72340615383402,119.7234535900693,92.10816801408532,104.5990343470707,98.26022984921143,140.5953816446206,Warrior_pose
133.09410198028297,167.55709005203062,56.3433511795656,92.44771120420559,96.07948585723062,117.27949422130563,81.77451345196448,Warrior_pose
107.5756661811138,85.18336350698638,176.663081119684,96.8049408471035,82.18724253297715,102.6047276258905,73.59885770404871,Warrior_pose
128.2496988148762,162.26541128580433,69.75550319149917,112.59878811574622,98.81222535881261,110.10816048415201,69.68708721898236,Warrior_pose
175.6870824715472,162.15185069450428,142.175556118035,176.0273607301299,113.38504226994996,100.79780645432383,118.63510870931036,Warrior_pose
154.4656385668324,126.49032002152964,91.85371250370629,63.97340931862246,105.2143077349311,103.67657283327382,98.81771523178689,Warrior_pose
125.55564940084847,175.91261250759035,80.33953991166406,132.81078697742927,106.73555010442419,118.6604825775188,78.5284365339641,Warrior_pose
158.51711080956795,107.60189461047553,112.52226941806184,66.83365599374363,106.95346148888426,96.6420397826048,121.60879158478367,Warrior_pose
115.89272104338932,154.04766807805217,56.08002902485266,125.50066346144483,93.8857664684645,112.02877707137743,62.3471500890168,Warrior_pose
167.41337218255157,167.23237921285914,82.86448355826897,62.896022096613855,124.73853239234623,68.60492763437708,90.9372629934182,Warrior_pose
166.10094878514295,143.62674053816752,148.1898391227062,103.788851385175,97.55045485260125,102.91250525750684,119.72507117005027,Warrior_pose
156.9322455197456,177.9888844586,145.2392131903712,178.92690132218112,121.46262050611297,70.39382534632173,123.36160226793245,Warrior_pose
125.8285241243874,173.15887543301744,115.7465328757953,95.65705433687037,103.3560520768941,132.4828471222572,127.59096361029057,Warrior_pose
149.64141182771922,124.16189169597868,110.88212610590718,72.16827518028006,100.3604592787395,101.88007782617885,114.70510767803941,Warrior_pose
152.076014253579,99.31249358267748,107.05303970303476,76.92498344477241,97.5897526064013,95.1147126591231,107.05094630557105,Warrior_pose
123.07461545621551,110.98167384418585,111.4800192858442,62.71387133875347,90.5937265812254,100.77724548792754,95.10516260277251,Warrior_pose
118.84640643234799,171.13551932861606,87.034081302943,120.85918089016515,98.65852793403444,105.06024981422445,105.25584838316118,Warrior_pose
117.83588998127455,176.10863827904006,82.77205416266558,137.4554364234486,101.59530972712581,113.1001027716157,82.37708495720852,Warrior_pose
152.29221197807476,110.47381563441131,118.29626382905433,75.90390753755776,104.13828783665467,90.97345192670623,111.72378743637708,Warrior_pose
178.07311794823735,157.5801509721889,172.73524840525084,107.77932667969893,82.05176569283994,105.38318527977593,110.38807772524882,Warrior_pose
137.56400275932225,171.0324606681712,102.51845398161937,88.25072923856165,107.98656951481024,103.99794703335284,133.56543476249047,Warrior_pose
90.36627715085032,140.41060091822496,177.60325742630067,110.10683849318242,99.60441164685324,128.98791324319257,115.16307705360437,Warrior_pose
124.65033169322639,167.87573462307944,60.83635670929734,114.22990368704568,94.0798436441943,120.96327028259238,65.06531984190984,Warrior_pose
164.60805403165247,130.44000829059735,129.36727622058228,64.07369545753694,125.33881503605681,89.16852265346093,124.39214246501513,Warrior_pose
122.52118823203979,170.97517841371237,58.7771987957029,113.07384482132332,90.68459359721287,123.66068120275345,70.25133087291522,Warrior_pose
123.38971447496785,157.23070618617837,65.62077979913452,113.17910486272949,99.87455936046025,116.87316541828818,84.29865705812256,Warrior_pose
120.33395846645763,171.34736836979508,56.45883171434302,107.87463690601537,94.62606287039112,118.10124760472402,67.68336074974972,Warrior_pose
169.9522209711408,102.52812867926603,96.52944126580928,69.72839554645171,110.46500273479201,99.51722092976087,97.68390476719951,Warrior_pose
135.5276875673309,151.8577448587168,89.62735892379116,127.44722220728008,107.76965171490808,106.6899312603562,82.35278886463344,Warrior_pose
117.92552480585076,171.45988130593983,58.256129901101076,105.78919385812793,91.26432805413485,121.09252719915497,75.61870167854181,Warrior_pose
139.67228037707306,145.73080551443792,42.377643901290746,37.51624508719191,87.44308419198335,97.67515695285118,41.350023778364665,Warrior_pose
145.61729945735868,119.65030315114102,113.5915105319862,74.71974306991142,94.9848193911085,112.31819331991045,113.5290332354786,Warrior_pose
147.86556953056177,124.29308778623134,119.1180327709902,62.32100758353008,109.57032996001486,100.31352339037383,82.21989122935935,Warrior_pose
137.40892377346572,107.7163381688845,78.83319158487154,55.00667184159838,96.42487855688283,89.97072143001554,88.3638109776222,Warrior_pose
146.29397255233548,105.20291652153801,137.56552383100004,54.812282680849584,113.06938420440324,82.89829366641332,127.4806453391382,Warrior_pose
152.64108731228475,116.76622588036051,122.53009236856883,74.68509071101127,97.30091555800131,104.05821350486558,109.69556486669423,Warrior_pose
145.530452346498,153.1644961653892,135.88964764414902,127.6152604751329,118.78258334168625,121.13053077650439,35.49446003638768,Warrior_pose
166.8363963110186,114.54339920045881,113.55604298751562,71.46379839562151,103.19384801340476,93.15410903814625,106.400479967073,Warrior_pose
126.78333192304123,161.6614300566086,69.17080600028962,116.75280459862424,101.36320821390763,99.68009345324121,100.20146204690089,Warrior_pose
142.3017677647794,178.33558654750178,67.00163677681279,159.29461920567894,110.34464824774189,74.33207758090246,85.56023173451591,Warrior_pose
134.00346642033708,172.7832807358892,79.30657869057663,138.5881142396317,99.37650515716804,100.86780953606936,88.50980455547469,Warrior_pose
